Código;EAN;Descrição;Preço de venda
1001;7899547542530;DUZOR 1000 MG COM CT BL AL PLAS TRANS X 240 (EMB FRAC);329,05
1002;7896004778761;LOSARTANA POTÁSSICA 100 MG COM REV CT BL AL PLAS OPC X 60;127,61
1003;7899547560602;APLUC 50 MG/ML PO SUS OR CT FR PLAS TRANSL X 150 ML + COP;53,59
1004;7899620915046;SCAFLOGIN 100 MG COM CT BL AL PLAS PVC TRANS X 12;19,26
1005;7898216360871;ELPRAZOL 20 MG CAP DURA LIB RETARD CT FR PLAS PEAD OPC X 28;42,89
1006;7896004783758;MENOCOL 80 MG COM REV CT BL AL PLAS OPC X 40;223,92
1007;7891721017728;GLIFAGE 1 G COM REV CT BL AL PLAS TRANS X 10;15,42
1008;7899547551389;ATIOVIL 600 MG COM REV CT BL AL PLAS TRANS X 30;48,94
1009;7896472502622;DORSANOL 500 MG COM REV CT BL AL PLAS OPC X 20;18,70
1010;7899547557381;ELIM 40 MG/ML PO SUS OR CT FR PLAS OPC X 15 ML + DIL FR PLAS OPC X 9,2;37,77
1011;7896112165620;HIDROCLOROTIAZIDA 50 MG COM CT BL AL PLAS TRANS X 30;12,82
1012;7896472519842;ATENOLAB 50 MG COM CT BL AL PLAS OPC X 60;52,17
1013;7896004713748;LORATADINA 1 MG/ML XPE CT FR VD AMB X 100 ML + COP;40,45
1014;7899095210721;SODIX 50 MG COM REV LIB RETARD CT BL AL PLAS PVC TRANS X 500;299,00
1015;7896472519972;CAPTOLAB 50 MG COM CT BL AL PLAS OPC X 60;52,96
1016;7899547561838;NISBAL 5 MG COM CT BL AL PLAS TRANS X 300;129,04
1017;7896422505062;FLUCONAZOL 150 MG CAP DURA CT BL AL PLAS TRANS X 1;29,45
1018;7896004762760;FLAMADOR 150 MG COM LIB PROL CT BL AL PLAS PVC/PVDC OPC X 10;73,67
1101;7896382708442;VERZENIOS 50 MG COM REV CT BL AL AL X 30;R$ 4.703,27
1102;7891158106941;RESYNIV 60 MG/ML SOL INJ CT SER PREENC VD TRANS X 1 ML;1052,33
1103;7898361881788;CEFALEXINA 500 MG CAP GEL DURA CT BL AL PVC/PE/PVDC TRANS X 100;89,90
1104;7,89954E+12;PRODUTO COM CÓDIGO ESTRAGADO PELO EXCEL;12,50
1105;7891000100103;PROTETOR SOLAR FPS 50 200ML;59,90
1106;7896004778761;PRODUTO SEM PREÇO CADASTRADO;
